id,tag
1,offensive security
2,cyber fundamentals
3,beginner
3,nmap
3,scanning
3,theory
3,furthernmap
3,tutorial
3,walkthrough
3,muirlandoracle
3,port-scanning
3,network-scanning
3,windows
3,syn scan
3,stealth
3,xmas
3,fin
3,null
4,networking
4,osi
4,networking tools
4,beginner path
4,beginner
4,introductory networking
4,introtonetworking
4,intro to networking
4,accessible
4,easy
4,ping
4,traceroute
4,whois
4,dig
4,tcp/ip
4,wireshark
4,encapsulation
5,beginner
5,christmas
5,challenge
5,advent
5,of
5,cyber
5,two
5,2
6,tutorial
7,beginner
7,christmas
7,challenge
7,advent
7,of
7,cyber
7,two
7,2
8,research
8,beginner
8,introtoresearch
8,skill
8,accessible
8,introductoryresearching
9,linux
9,beginner
9,linux fundamentals
9,new
9,sysadmin
10,recon
10,privesc
10,webappsec
10,video
11,security
11,startingout
11,careers
11,intro
12,owasp
12,top 10
12,injection
12,broken authentication
12,sensitive data exposure
12,xml external entity
12,broken access control
12,security misconfiguration
12,cross-site scripting
12,insecure deserialization
12,insufficent logging
12,monitoring
12,components with known vulns
12,web
13,networking
13,networking fundamentals
13,networking labs
13,beginner
13,static sites
13,module
13,networking module
13,ping
13,network tools
13,what is networking
13,what is the internet
13,internet
13,icmp
13,mac
14,security
14,webapp
14,boot2root
14,cracking
15,windows
15,eternal blue
15,ms17-010
15,cve2017-0144
15,cve-2017-0145
15,cve-2017-0146
15,cve-2017-0147
15,cve-2017-0148
15,smb
15,cve-2017-0143
15,video
16,cybersecurity
16,framework
16,penetration testing
16,ethics
16,standards
16,review
16,osstm
16,owasp
16,nist
16,ncsc
16,ncsc caf
16,roe
16,scope
17,beginner
17,christmas
17,challenge
17,advent
17,of
17,cyber
17,two
17,2
18,linux
18,beginner
18,linux fundamentals
18,new
18,sysadmin
19,linux
19,beginner
19,linux fundamentals
19,new
19,sysadmin
20,dns
20,domain name system
20,tld
21,ctf
21,dirbuster
21,linux
22,smb
22,telnet
22,ftp
22,networking
23,cia triad
23,information security
23,incidence response
23,threat model
23,threat modelling
23,biba model
23,bell-la pedula model
23,stride
24,security
25,burp suite
25,webapp
25,tutorial
25,toolkit
25,basics
25,burp
25,burp community
26,samba
26,path var manipulation
26,suid
26,smb
27,networking
27,networking fundamentals
27,dhcp
27,arp
27,lan
27,topologies
27,networking labs
27,beginner
27,static sites
27,module
27,networking module
28,security
28,nfs
28,mysql
28,smtp
28,network security
28,networking
29,osint
29,google dorking
29,dork
29,beginner
29,web app
29,research
29,researching
30,http
30,https
30,status codes
30,headers
30,cookies
31,openvpn
32,security
32,web application
32,idor
32,identification and authentication failure
32,broken access control
32,cryptographic failures
33,mrrobot
33,root
33,beginner
34,security
34,web
34,linux
34,privilege-escalation
34,root
35,security
35,metasploit
35,msfconsole
36,security
37,windows
37,fundamentals
38,privesc
38,privilege escalation
38,linux
38,linux privilege escalation
38,tib3rius
39,red team
39,kill-chain
39,adversary emulation
39,apt
39,ttp
40,networking
40,networking fundamentals
40,networking labs
40,beginner
40,static sites
40,module
40,networking module
40,osi model
40,framework
40,network
40,tcp
40,udp
41,hydra
41,bruteforce
42,security
42,enumeration
42,privesc
43,security
43,defensive security
43,incident response
43,threat intelligence
43,malware analysis
43,dfir
43,soc
43,siem
43,security operations center
44,shells
44,netcat
44,socat
44,metasploit
44,msfvenom
44,windows
44,linux
44,fundamentals
44,muirlandoracle
44,introductory
45,active directory
45,ad
45,kerberos
45,smb
45,windows
46,security
46,crypto
46,101
46,encryption
46,crypto 101
46,ninjajc01
47,juiceshop
47,burp
47,owasp
47,web
47,seclists
47,xss
47,sqli
48,networking
48,vpn
48,lan
48,technology
48,network
48,networks
48,static labs
48,interactive
48,firewall
48,port forwarding
48,intro to networking
48,networking module
48,lan technologies
48,lan
49,osint
49,internet
49,dorks
50,databases
50,mysql
50,sql
50,sqli
50,injection
50,in-band sql
50,blind sql
51,password cracking
51,john
51,hash
52,linux
52,tar
52,privesc
52,security
53,windows
53,powershell
53,nmap
53,metasploit
54,windows
54,fundamentals
54,uac
54,msconfig
54,resmon
54,registry
55,file-upload-vulnerabilites
55,beginner
55,tutorial
55,web
55,walkthrough
55,muirlandoracle
55,basic
55,upload
55,vulnerability
55,vulnerabilities
56,security
56,linux
56,privilege escalation
56,penetration testing
57,networking
57,ports
57,packets
57,frames
57,handshake
57,tcpip
57,tcp
57,static labs
57,beginner
57,module
57,static sites
57,labs
57,udp
58,security
58,career
58,job
58,security analyst
58,security engineer
58,incident responder
58,digital forensics examiner
58,malware analyst
58,penetration tester
58,red teamer
59,security
59,reconnaissance
59,recon
59,footprinting
59,passive
59,dig
59,whois
59,nslookup
59,dns
59,domains
59,shodan
59,dnsdumpster
60,analyst
60,security operations
60,soc
60,siem
60,triage
61,security
61,defensive security
61,incident response
61,threat intelligence
61,malware analysis
61,dfir
61,soc
61,siem
61,security operations center
62,security
62,auth
62,bypass
62,ffuf
62,enum
62,bruteforce
63,security
63,linux
63,privilege
63,escalation
64,mitre
64,att&ck
64,threat intelligence
64,apt groups
65,security
65,nessus
65,scanning
65,red
65,primer
66,windows
66,nmap
66,mimikatz
66,metasploit
66,icecast
67,windows
67,fundamentals
67,windows security
67,bitlocker
67,tpm
68,log4j
68,solr
68,cve-2021-44228
68,log4shell
69,security
69,network
69,networking
69,mapping
69,host discovery
69,arp
69,tcp
69,udp
69,icmp
69,nmap
70,security
70,forensics
70,wireshark
70,linux
70,pcap
70,ninjajc01
70,cooctus
71,security
71,digital forensics
71,forensics
71,metadata
71,exif
72,burpsuite
72,repeater
72,tutorial
72,walkthrough
73,security
73,crypto
73,hashing
73,101
73,crypto 101
73,ninjajc01
74,pcap analysis
74,forensics
74,wireshark
74,threat hunting
74,dfir
74,security
74,blue team
74,incident response
74,networking
75,hash
75,hashcat
75,johntheripper
75,cracking
76,enumerate
76,exploit
76,brute-force
76,hash cracking
77,xss
77,cross-site scripting
77,dom
77,reflected xss
77,stored xss
77,blind xss
77,polyglot
78,http
78,html
78,load balancer
78,cdn
78,waf
78,web application firewall
78,web server
79,security
80,pivoting
80,empire
80,av evasion
80,network
80,wreath
80,beginner
80,easy
80,git
80,socat
80,chisel
80,sshuttle
80,proxy
80,forwarding
80,c2
80,antivirus
80,c#
80,obfuscation
81,vulnerabilities
81,lfi
81,rfi
81,directory traversal
81,file inclusion
81,webapp
82,security
82,windows
82,active directory
82,ad
82,windows domains
82,group policies
82,gpo
83,web
83,html
83,js
83,injection
83,javascript
84,security
85,security
85,owasp top 10
85,easy
85,cron
85,john the ripper
85,gobuster
85,dirbuster
85,web
85,boot2root
85,overpass
85,owasp
85,ninjajc01
86,beginner
86,introductory
86,peid
86,ida freeware
86,windows
86,pestudio
86,malware analysis
86,malware
87,security
88,security
88,operating system
88,os
88,nmap
88,ftp
88,ncat
89,beginner
89,christmas
89,challenge
89,advent
90,oscp
90,buffer overflows
90,bof
90,tib3rius
91,security
91,networking
91,network
91,linux
91,telnet
91,netcat
91,traceroute
91,ping
92,security
92,network
92,cyber kill chain
92,nmap
92,ftp
93,security
93,linux
94,security
94,recon-ng
94,maltego
94,dig
94,nslookup
94,ghdb
94,whois
94,traceroute
94,tracert
94,google hacking
94,shodan
95,cve
95,exploit
95,vulnerabilities
95,webapp
95,research
95,exploitdb
95,nvd
95,vpr
96,burpsuite
96,intruder
96,fuzzing
96,webapp
96,tutorial
96,beginner
97,security
97,walkthrough
97,malware
97,history
97,learning
98,sqli
98,hashcracking
98,metasploit
98,ssh tunnel
98,reverse ssh
99,security
99,penetration testing
100,mimikatz
100,bloodhound
100,powerview
100,active directory
100,post-exploitation
100,metasploit
100,msfvenom
100,powershell
100,golden tickets
100,windows
101,linux basics
101,command line
101,analysis
101,find
101,information gathering
101,mysql
101,gpg
102,scripting
102,coding
102,bash
102,challenges
103,security
103,youtube
103,dccybersec
103,ctf
104,ctf
104,alice in wonderland
104,privesc
104,linux
104,web
104,weekly challenge
104,wonderland
104,ninjajc01
105,red team
105,engagements
105,planning
105,documentation
105,mitre
105,att&ck
105,tiber-eu
106,kerberos
106,active directory
106,exploitation
106,windows
106,privilege escalation
106,mimikatz
106,rubeus
106,kerbrute
106,impacket
106,kerberoasting
106,as-rep roasting
106,golden ticket
106,silver ticket
106,kerbrute
106,pass the ticket
106,attacking kerberos
106,windows
107,gobuster
107,smb
107,rfi
108,joomla
108,sqli
108,yum
108,sqlmap
108,john the ripper
108,cracking
108,password cracking
108,gtfobins
108,weekly challenge
109,command injection
109,web
109,vulnerability
109,web app
109,module
109,rce
109,remote code execution
109,payload
109,blind command injection
109,verbose command injection
110,security
110,penetration testing
110,windows
110,meterpreter
110,metasploit
110,post-exploitation
111,wireshark
111,cron
111,gobuster
111,enumeration
111,security
111,easy
111,ftp
111,privesc
111,cronjob
111,crontab
111,forensics
111,packet capture
111,ctf
111,boot2root
111,challenge
112,security
112,telnet
112,nmap
112,hydra
113,security
113,security misconfiguration
113,accessible
113,pentest
114,security
114,nmap
114,portscan
114,scanning
114,tcp connect
114,tcp syn
114,udp
115,tomcat
115,zip
115,pgp
115,cve-2020-1938
115,weekly challenge
116,windows
116,cve20196714
116,rce
116,winpea
116,video
117,security
117,nmap
117,portscan
117,scanning
117,zombie
117,evasion
118,vulnerabilities
118,module
118,webapp
118,exploit
119,security
119,threat hunting
119,threat detection
119,threat response
120,windows
120,processes
120,baseline
121,yara
121,threat intelligence
121,malware analysis
121,walkthrough
121,cmnatic
121,apt
121,forensics
121,windows
121,linux
122,security
122,accessible
122,pentest
122,security misconfigurations
123,security
123,nmap
123,gobuster
123,pentest
123,steganography
123,enum
124,windows
124,challenge
124,forensics
124,rdp
125,security
125,phishing
125,emails
125,smtp
125,imap
125,pop3
126,ctf
126,boot2root
126,privesc
126,exploit
127,security
127,pentest
127,bash
127,encryption
127,enumeration
127,hash
128,burpsuite
128,decoder
128,comparer
128,sequencer
128,tutorial
128,walkthrough
129,regular expressions
129,regex
129,bash
129,terminal
129,grep
130,security
130,soc
130,security operations
130,security operations center
130,firewall
131,common attacks
131,security awareness
131,basics
131,internet safety
131,phishing
131,ransomware
131,malware
131,backups
131,updates
131,patches
131,passwords
131,authentication
131,password managers
131,social engineering
131,mitm
131,man in the middle
131,public networks
131,public network safety
132,security
132,nmap
132,service detection
132,os detection
133,red
133,primer
133,tmux
133,tutorial
134,security
134,linux
134,permissions
134,medium
134,smbclient
134,ftp
134,nmap
134,samba
134,privilege escalation
135,php
135,lfi
135,docker
135,security
135,weekly challenge
136,security
136,http
136,imap
136,pop3
136,ftp
136,smtp
136,telnet
137,security
138,rdp
138,kali
139,vulnerability
139,capstone
139,web application
139,exploit
139,module
139,vulnerability module
139,rce
139,remote code exeuction
140,security
140,django
140,python
140,web
141,puzzle
141,challenge
141,boot-to-root
141,web
141,muirlandoracle
141,new year
142,challenge
142,gobuster
142,steganography
142,priv-esc
142,weekly challenge
143,capture the flag
143,stego
143,crypto
143,binary
144,pcap analysis
144,forensics
144,wireshark
144,threat hunting
144,dfir
144,security
144,blue team
144,incident response
144,networking
145,security
145,brute force
145,hash cracking
145,privilege escalation
146,retro
146,windows
146,redux
146,privesc
146,cve-2019-1388
147,security
147,sqli
147,sqlmap
147,web
148,security
148,forensics
148,registry
148,blue
148,dfir
148,windows
148,incident-response
149,dirbuster
149,nikto
149,metasploit
149,hydra
150,security
150,hydra
150,tcpdump
150,wireshark
150,cia
151,security
151,forensics
151,wireshark
151,packet capture
151,ftp
151,php
151,shell
151,reverse shell
151,rootkit
151,passwords
151,sudo
151,web shell
151,hacking
151,hydra
151,backdoor
151,medusa
152,privesc
152,privilege escalation
152,windows
152,windows privilege escalation
152,tib3rius
153,security
153,realworld
153,commandinjection
153,sqlinjection
153,steganography
153,docker
154,security
154,blue team
154,cyber kill chain
155,security
155,wifi
155,wireless
155,wpa2
155,wpa
155,aircrack-ng
155,wlan
155,101
155,ninjajc01
156,security
156,pwn
156,pwntools
156,reversing
156,debugging
156,re
156,weekly challenge
157,burpsuite
157,extender
157,bapp
157,extensions
157,tutorial
157,walkthrough
158,tutorial
159,security
159,web
159,bolt
159,rce
159,metasploit
160,windows
160,privesc
160,penetration testing
160,red team
161,tickets
162,ctf
162,ftp
162,ssh
162,webmin
162,challenge
163,security
163,linux
163,privesc
164,owasp
164,zap
164,tool
164,zed attack proxy
165,osint
165,geolocation
166,security
166,lxd
166,ssh2john
166,boot2root
166,beginner
167,security awareness
167,data breaches
167,account security
167,cyber threats
167,cyber actors
167,phishing
168,windows
168,cms
168,enumeration
168,weekly challenge
169,chocolatefactory
169,ctf
169,stego
169,privesc
169,web
169,netcat
169,reversing
170,tickets
171,security
171,cryptography
171,easy
172,cve 2019-8943
172,wordpress
172,blog
172,web
172,wpscan
172,linux
172,security
172,cutter
172,reverse engineering
172,binary exploitation
173,security
173,powershell
173,scripting
173,windows
174,security
174,pentest
174,enumeration
174,web
175,security
175,active directory
175,ad
175,network
175,ntlm
175,ldap
175,breaching ad
176,beginner
176,christmas
176,challenge
176,advent
176,of
176,cyber
176,two
176,2
177,windows
177,ctf
177,privesc
178,easy
178,ctf
178,realistic
178,cve
178,webmin
178,cve-2019-15107
178,command injection
178,metasploit
178,critical
179,security
179,methodology
179,hacker method
179,ceh
179,hacker methodology
180,sudovulns
180,cve-2019-14287
180,sudo
180,beginner
180,tutorial
180,vulnerability
180,security bypass
181,python
181,programming
181,bitcoin
182,security
182,cti
182,blue-team
182,intel
183,security
183,threat intelligence
183,open source
183,phishing
183,blue team
183,osint
184,buffer overflow
184,linux
184,windows
185,openvas
185,vulnerability management
185,blue team
185,security operations
185,monitoring
185,logging
186,security
186,diamond model
186,cyber defence frameworks
186,kill chain
187,nmap
187,gobuster
187,steganography
187,cronjob
188,tickets
189,cipher
189,base
189,stego
189,root
190,phishing
190,redteam
190,red-team
190,email
190,gophish
191,security
191,python
191,pentesting
191,automation
191,scripting
192,docker
192,sudo
192,linux
192,privesc
193,cve-2020-1472
193,active directory
193,windows
193,domain controller
193,cryptography
193,code analysis
193,exploit development
193,zerologon
194,security
194,git
194,web
195,reverse engineering
195,elf
195,ctf
195,challenge
196,security
196,tor
196,proxychains
197,security
197,lfi
197,boot2root
197,privilege escalation
197,web exploitation
197,web
198,security
198,phishing
198,emails
198,any.run
199,containers
199,docker
199,intro
199,devops
199,security
199,containerisation
199,containerization
200,red team
200,c2
200,active directory
200,armitage
201,red team
201,scripting
201,wsh
201,hta
201,vba
201,ps
201,c2
201,initial access
201,payload delivery techniques
201,powercat
201,powershell
202,security
202,linux
202,backdoor
203,security
203,box
203,privesc
203,wordpress
204,cve
204,kernel exploit
204,shell shock
204,0day
204,boot2root
205,snort
205,traffic analysis
205,intrusion
205,detection
205,pcap
205,snort2
205,ids
205,ips
206,portscanning
206,hashes
206,bruteforcing
206,pop3
207,sqli
207,rce
207,web
207,linux
207,video
208,accessible
208,shodan
208,osint
208,iot
208,search engine
208,web
209,osint
209,socmint
209,social media
209,investigation
210,osint
210,webosint
210,osintstan
211,security
211,windows
211,privesc
212,sysinternals
212,procmon
212,psexec
212,procexp
213,security
213,linux
213,vim
213,vi
214,security
214,reverse engineering
214,malware
214,malware analysis
215,redteam
215,password attacks
215,password hash cracking
215,brute-forcing
215,dictionary attacks
216,bash
216,linux
216,modules
217,sysmon
217,windows
217,sysinternals
218,overpass
218,centos
218,linux
218,privesc
218,ssh
218,firewall
218,ninjajc01
219,security
219,ffuf
219,enumeration
219,fuzzing
219,web
219,bruteforce
220,red team
220,threat intelligence
220,cti
220,ttp
220,tiber-eu
220,cyber kill chain
221,security
221,php
221,backdoor
222,osint
222,geolocation
223,owasp
223,top 10
223,injection
223,broken authentication
223,sensitive data exposure
223,broken access control
223,security misconfiguration
223,insufficent logging
223,monitoring
223,components with known vulns
223,web
223,ssrf
223,cryptographic failures
223,insecure design
223,integrity failures
224,xxe
224,enumeration
224,privesc
224,web
225,event logs
225,wevtutil
225,get-winevent
225,event viewer
226,active directory
226,networks
226,web
227,framework
227,cyber resilience
227,defence
227,threat modelling
227,security
227,strategy
227,ukc
227,unified kill chain
228,polkit
228,pwnkit
228,linux
228,cve-2021-4034
228,walkthrough
228,vulnerability
228,privesc
228,lpe
229,security
229,custom exploitation
229,buffer overflow
230,security
230,active directory
230,ad
230,sharphound
230,ad enumeration
230,powershell
230,command prompt
231,web
231,xss
231,docker
231,sqli
231,linux
232,windows
232,forensics
232,incident response
232,autopsy
233,security
233,gobuster
233,enumeration
233,directory
233,dns
233,virtual host
233,brute-force
233,tools
234,security
234,siem
234,log analysis
235,security
235,autopsy
235,forensics
236,security
237,security
237,dfir
237,linux
237,windows
237,incident response
237,forensics
237,artifacts
238,blue team
238,security operations
238,logs
238,web
238,networking
239,security
239,soc
239,endpoint
239,logs
239,edr
240,dirty pipe
240,cve-2022-0847
240,linux
240,kernel
240,privesc
240,walkthrough
240,tutorial
240,beginner
240,muirlandoracle
240,dirty
240,pipe
241,wireshark
242,active directory
242,initial access
242,network-based security solutions
242,host-based security solutions
243,sudovulns
243,cve-2021-3156
243,sudo
243,beginner
243,tutorial
243,vulnerability
243,heap
243,buffer overflow
243,bof
244,reverse engineering
244,windows
244,buffer overflow
245,security
245,sqlmap
245,sql injection
245,tools
245,web app
245,sqli
246,phishing
246,emails
246,mail header
246,url scan
246,any.run
247,dvwa
247,testing
247,unguided
248,security
248,cve-2019-18634
248,enumeration
248,webapp
248,hackernote
248,hydra
248,python
249,empire
249,c2
249,post exploitation
249,starkiller
249,red team
249,red primer
249,red
249,primerr
250,security
250,idor
250,web
251,security
251,boot2root
251,enumeration
251,misconfiguration
251,lfi
252,rce
252,file upload
252,sudo
252,custom
253,rce
253,elastic
253,python
253,linux capabilities
254,windows
254,beginner
254,sysinternals
254,strings
254,malware series
254,malware
255,security
255,windows
256,assembly
256,x64
256,windows
256,reverse engineering
256,binary
256,reverse
256,re
256,x86_64
256,fastcall
257,security
257,web security
257,default creds
258,security
258,rustscan
258,nmap
258,scan
258,scanning
258,network scanning
259,linux
259,basics
259,ctf
260,cms
260,linux
260,sqli
260,rce
261,javascript
261,web development
261,beginner
261,accessible
262,av detection techniques
262,heuristic engine
262,signature engine
262,av software
262,antivirus
263,security
263,cms
263,gila
263,tar
263,wfuzz
263,sub domain
263,crontab
263,weekly challenge
264,sudovulns
264,cve-2019-18634
264,sudo
264,beginner
264,tutorial
264,vulnerability
264,bof
264,buffer overflow
265,firewall
265,firewall evasion
265,decoy
265,mtu
265,nmap
265,evasion
265,fragmentation
265,spoofing
265,port hopping
265,port tunneling
265,ngfw
266,wazuh
266,security
266,edr
266,elk
266,analysis
266,log
266,agent
266,log analysis
266,blue team
267,privesc
267,linux
267,ubuntu
267,kernel
267,overlay
267,cve-2021-3493
268,network security
268,traffic analysis
268,network traffic analysis
268,pcap
268,security operations
268,intrusion detection
268,network forensics
269,security
269,i7md
269,wordpress
269,privesc
269,lxd
269,suid
270,windows
270,local persistence
270,red team
270,persistence
270,backdoors
271,security
271,ids
271,ips
271,snort
271,evasion
271,ngnips
271,next-gen ips
271,obfuscation
271,encryption
271,socat
271,nmap
271,signature-based
271,anomaly-based
271,hids
271,nids
272,security
272,pentesting
273,sgbd
273,enumetarion
273,rce
273,cracking
274,iot
274,security
274,cups
274,pret
275,security
275,steganography
275,web
275,challenge
276,security
276,blue team
276,threat intelligence
276,misp
276,information sharing
277,spring4shell
277,vulnerability
277,rce
277,java
277,spring
277,cve-2022-22965
277,walkthrough
277,tutorial
277,initialaccess
277,beginner
277,muirlandoracle
277,spring core
278,uac
278,evasion
278,windows
278,red team
278,privesc
279,security
279,pokemon
279,encoding
279,cipher
280,windows
280,story
280,crackmapexec
280,openfire
280,responder
280,winrm
280,theart42
280,4ndr34z
280,weekly challenge
281,ftp
281,enumeration
281,port forwarding
281,cve
281,cms
282,linux
282,enumeration
282,pivoting
282,privilege escalation
283,security
283,web
283,hash
283,lfi
284,siem
284,splunk
284,logs
285,security
285,opsec
285,red team
285,operations security
286,securi-tay
286,conference
286,challenge
286,boot-to-root
286,web
286,password cracking
287,splunk
287,siem
287,bots
287,soc
288,security
288,enumeration
288,processes
288,services
288,post-exploitation
288,users
289,ransomware
289,malware
289,remnux
289,memory forensics
289,volatility
289,showcase
289,malware analysis
290,pcap analysis
290,forensics
290,wireshark
290,threat hunting
290,dfir
290,security
290,blue team
290,incident response
290,networking
291,wonderland
291,ctf
291,alice
291,ssh
291,privesc
291,ctf
291,alice in wonderland
291,linux
291,scripting
291,ninjajc01
292,windows
292,api
292,powershell
292,c#
292,programming
292,c++
292,win32
292,c
292,.net
292,p/invoke
293,red team
293,lateral movement
293,pivoting
293,windows
293,pass-the-hash
293,pass-the-ticket
293,overpass-the-hash
293,ad
294,windows
294,guided
294,hybrid-challenge
294,beginner
294,vnc
294,thinvnc
294,printnightmare
294,atlas
294,muirlandoracle
295,malware analysis
295,cryptography
295,hashtab
295,hybrid analysis
295,virustotal
295,windows
295,malware
296,hydra
296,nmap
296,email
296,enumeration
297,security
297,data
297,exfiltration
297,dns
297,infiltration
297,tunneling
298,enumeration
298,public exploit
298,privilege escalation
298,ftp
298,ssh
299,security
299,malware
299,analysis
299,malware-analysis
299,maldoc
299,virustotal
299,sandbox
299,any.run
299,cuckoo
299,dfir
299,ioc
300,linux
300,enumeration
300,shell
300,beginner
301,wireshark
301,malware
301,traffic analysis
301,blue team
301,cobalt strike
302,linux
302,jellyfin
302,cve
302,code
302,cert-style
302,muirlandoracle
302,new year
302,newyear
303,security
303,encryption
303,symmetric encryption
303,asymmetric encryption
303,diffie-hellman
303,hash
303,pki
303,tls
303,message digest
303,checksum
303,aes
304,hash
304,hashcat
304,johntheripper
304,cracking
304,password
304,wordlists
304,wordlist generation
305,phishing
305,email
305,soc analyst
306,binary exploit
306,pwntools
306,buffer overflow
306,exploit development
307,security
307,android
307,reversing
307,frida
308,devops
308,devsecops
308,agile
308,software development lifecycle
308,sdlc
309,sudo
309,web
309,filter
309,tunnelling
309,privesc
309,lateral
309,boot to root
309,muirlandoracle
309,new year
310,windows
310,processes
310,threads
310,pe format
310,dll
310,windows api
311,redline
311,forensics
311,memory analysis
311,iocs
312,security
313,phishing
313,emails
313,smtp
313,spf
313,dkim
313,dmarc
313,s/mime
314,windows server
314,active directory
314,enumeration
314,roasting
314,powershell
315,python
315,steg
315,rot13
315,mail
316,security
316,forensics
316,linux
317,security
317,ctf
317,crypto
317,stego
317,prisec
317,web
318,internet of things
318,iot
318,netgear
318,ap
318,command execution
319,security
319,ctf
319,credential
319,authentication
320,security
320,splunk
320,incident handling
320,siem
320,osint
320,log analysis
320,cyber kill chain
320,investigation
320,forensics
321,security
322,security
322,web
322,bug bounty
323,cve-2023-23397
323,outlook
323,ntlm leak
323,ntlm
323,responder
323,recent-threats
324,security
324,linux
324,dfir
324,forensics
324,artifacts
324,incident response
325,rdbms
325,sql
325,enumeration
325,metasploit
326,security
326,networking
326,wireshark
326,tshark
326,pcap
326,dns exfil
327,tutorial
328,web
328,docker
328,linux
328,couchdb
329,docker
329,devsecops
329,devops
329,security
330,security
330,ssti
330,web
331,attackerkb
331,akb
331,rapid7
331,exploit
331,ctf
332,polkit
332,ubuntu 20.04
332,cve-2021-3560
332,walkthrough
332,vulnerability
333,security
333,linux
333,beginner
333,new
334,pcap analysis
334,forensics
334,wireshark
334,threat hunting
334,dfir
334,security
334,blue team
334,incident response
334,networking
334,pcap
335,security
335,apache
335,cve-2021-41773
335,cve-2021-42013
335,path-traversal
335,security misconfiguration
336,nmap
336,burp
336,dirb
336,lxc
337,security
338,web
338,node
338,rce
338,firefox
339,security
339,blue team
339,threat intelligence
339,opencti
340,security
340,web
340,ctf
340,challenge
340,linux
341,security
342,security
342,linux
342,rce
342,priv-esc
343,web
343,idor
343,ctf
343,authentication
344,security
344,phpbb
344,forum
344,docker
345,security
345,web
345,rest api
345,api security
345,beginner
346,security
346,forensics
346,blue
346,dfir
346,windows
346,incident-response
346,jumplists
346,lnk-files
346,shortcut
346,timeline
346,triage
346,zimmerman's-tools
347,security
348,security
348,active directory
348,ad
348,certificate templates
348,ca
348,certificate authority
349,linux
349,web
349,php
349,privilege escalation
350,security
350,nnetwork
350,enumeration
350,netcat
350,protocols
350,ctf
351,heartbleed
351,ctf
351,metasploit
352,docker
352,playground
352,showcase
352,walkthrough
352,guide
352,rce
352,kernel exploit
352,breakout
352,containers
353,cve-2021-29447
353,xxe
353,webapp
353,wordpress
354,security
354,wordpress
354,sqli
354,vhost
355,security
355,rce
355,broken permissions
356,security
356,docker
356,ssrf
356,injection
357,workflow
357,tmux
357,tutorial
357,guide
357,walkthrough
358,ad cs
358,certificate services
358,active directory
358,cve-2022-26923
359,boot2root
359,challenge
359,ctf
359,linux
359,obscure
359,ninjajc01
360,security
360,windows
360,powershell
361,web
361,file upload
362,security
362,investigation
362,siem
362,elasticstack kibana
362,elk
362,analysis
363,nosql
363,web
363,php
363,mongodb
364,zeek
364,bro
364,traffic analysis
364,network monitoring
364,network forensics
364,pcap
364,intrusion
364,detection
364,ids
364,threat hunting
365,volatility
365,forensics
365,memory
365,malware
365,security
365,blue team
365,malware analysis
365,ransomware
365,rootkits
365,ssdt
366,snort
366,traffic analysis
366,intrusion
366,detection
366,pcap
366,snort2
366,ids
366,ips
367,sysinternals
367,loki
367,yara
368,web foothold
368,enumeration
369,security
369,router
369,reverse engineering
369,firmware
369,dumping
370,linux
370,web
370,privilege escalation
370,enumeration
371,security
371,active directory
371,ad
371,exploiting ad
371,kerberos
371,certificates
371,group policy objects
371,gpos
371,ace exploits
372,security
372,malware
372,analysis
372,android
372,mobsf
373,linux
373,web
373,privilege escalation
373,enumeration
374,python3
374,os
374,chatting
374,report
374,osint
375,cve
375,security
375,ollie
375,exploit
376,cve-2015-7501
376,java web app
376,cryptography
376,steganography
376,privilege escalation
377,security
377,phishing
377,i7md
378,challenge
378,injection
378,minecraft
378,linux
379,security
379,cloud
379,aws
379,iam
380,dns exfiltration
380,icmp exfiltration
380,dns tunneling
380,http tunneling
380,data exfiltration
381,rce
381,cve-2019-15949
381,dm's esoteric programming
381,nagios
381,weekly challenge
382,security
382,devops
382,pipelines
382,ci/cd
382,pipeline automation
382,developer pipelines
383,ctf
383,tls
383,socat
383,sockets
383,ssl
384,python
384,bytecode
384,pickle
384,uncompyle6
385,security
385,stego
385,reverse
385,sucrack
386,security
386,socmint
386,osint
386,infosec
387,walkthrough
387,attack methodology
387,flask
387,cvss
387,pentest
387,methodology
388,forensics
388,memory
388,volatility
389,networkminer
389,traffic analysis
389,network forensics
389,pcap
389,intrusion
389,detection
389,forensics
390,mongodb
390,webapp
390,rce
391,security
391,nodejs
391,deserialization
391,web
391,webapp
391,npm
391,gtfobins
391,gtfo
391,js
391,json
391,node
391,jason
391,cve-2017-5941
391,serialization
391,cve
391,insecure-deserialization
392,layer2
392,spoofing
392,arp
392,ettercap
392,macof
392,security
392,l2
392,mac
392,mitm
392,maninthemiddle
392,physical
392,gns3
392,flooding
392,network
392,networking
393,linux
393,web
393,javascript
393,privilege escalation
394,security
394,enumeration
394,web
394,subdomains
394,hijacking
395,red team
395,sysinternals
395,file execution
395,file operation
395,bypass applocker
395,no powershell
395,powerlessshell
395,msbuild
395,regsvr32
395,rundll32
396,security
396,rust
396,accessible
397,flask
397,python
397,web
397,injection
398,linux
398,web
398,cert-style
398,privesc
398,new year
398,muirlandoracle
398,year of the dog
398,sqlite
398,gitea
399,av bypass
399,windows defender bypass
399,shellcode
399,encryption
399,encoding
399,av evasion
399,binders
399,packers
399,staged payload
399,pe
399,pe structure
399,stageless payloads
400,exploit development
400,scripting
400,python
400,metasploit
400,poc
401,security
401,osquery
402,security
402,rce
402,remote code execution
402,oscp
402,exploit
402,http
402,sql
402,sudo
403,exploit development
403,scripting
403,python
403,metasploit
403,poc
404,exiftool
404,cve
404,path exploit
404,privesc
404,webapp
404,web
404,metasploit
404,ninjajc01
405,web application
405,python
405,enumeration
405,linux
406,security
406,linux
406,boot2root
407,web
407,mysql
407,sql injection
407,sqli
408,windows ad
408,attacking mail servers
408,ad enumeration & exploitation
408,phishing
408,osint
408,kerberos abuse
408,malicious macros
408,firewall pivoting
408,utilizing c2
408,abusing cross-domain trusts
409,forensics
409,dfir
409,mobile forensics
409,ios
409,data recovery
409,imaging
409,ufed
410,security
410,forensics
410,pdf
410,qr
410,analysis
411,brim
411,traffic analysis
411,log analysis
411,network forensics
411,threat hunting
411,pcap
412,atlassian
412,cve
412,rce
412,java
412,unauthenticated
412,red team
412,blue team
412,yara
412,patching
412,security
412,analysis
412,lab
412,ognl
412,ognl injection
412,cve-2022-26134
413,packet analysis
413,wireshark
413,brim
413,network miner
414,suid
414,buffer overflow
414,bof
414,path
414,linux
414,find
414,hydra
414,smb
414,weekly challenge
415,security
415,confidentiality
415,integrity
415,availability
415,cia
415,dad
415,non-repudiation
415,authenticity
415,defense-in-depth
415,zero trust
415,defence-in-depth
415,threat
415,risk
415,vulnerability
416,cve-2016-3714
417,enumeration
417,vhost
417,upload
417,sqli
418,security
418,enumeration
418,web
418,content discovery
419,printnightmare
419,cve-2021-34527
420,malware
420,reversing
420,linux
420,analysis
420,weekly challenge
421,enumeration
421,gobuster
421,cracking
421,wordpress
421,crontab
422,snort
422,traffic analysis
422,intrusion
422,detection
422,pcap
422,snort2
422,ids
422,ips
422,log4j
423,security
423,c programming
423,linux
423,ld_preload
424,security
424,oscp
424,opacity
424,penetration test
424,web application
424,owasp
425,security
425,assembly
425,reversing
425,bypass
425,login
426,security
426,python
426,scripting
427,security
427,ics
427,ot
427,scada
427,iot
428,security
428,audio
428,steganography
428,cryptography
428,challenge
429,security
429,web app
429,cli
429,epoch
429,linux
430,mimikatz
430,credentials hunting
430,sam
430,local windows credentials
430,lsass
430,lsa protection
430,laps
430,credentials manager
430,dc sync
430,ntds
430,as-rep roasting
430,kerberoasting
431,security
431,windows
431,privilege escalation
432,security
432,firewall
432,nfs
432,shell escape
432,zip cracking
432,hash cracking
433,php
433,privesc
433,cracking
433,fail2ban
434,kerberoast
434,av evading
434,applocker
434,forensic
435,security
435,api security
435,owasp
435,api
436,security
436,linux
436,cms
437,wordpress
437,web
437,python
437,weekly challenge
438,security
438,lock picking
438,lock bypass
439,security
439,active directory
439,persistence
439,ad
439,ad persistence
439,golden tickets
439,silver tickets
439,group policy objects
439,ad cs
439,active directory certificate templates
439,dcsync
440,security
440,ctf
440,git
440,source code
440,sensitive information
441,security
441,dns
441,dig
441,ctf
442,network protocols
442,iot
442,misconfiguration
442,command execution
443,windows
443,evasion
443,process injection
443,red team
443,portable executable
443,dll injection
443,pe injection
443,process hollowing
444,hijacking
444,groups
444,permissions
444,linux
444,security
445,security
445,kape
445,forensics
445,triage
445,windows
445,incident response
446,security
446,malware analysis
446,reverse engineering
446,re
446,pe
446,pe header
446,blue team
447,security
447,ids
447,evasion
447,scoring-system
448,cve-2023-21746
448,localpotato
448,lpe
448,eop
448,windows
448,privesc
448,storsvc
448,potato
449,security
449,office
449,docx
449,forensics
449,macros
449,phishing
449,analysis
450,windows
450,amsi
450,c#
450,powershell
450,evasion
450,red team
450,detection
450,bypass
451,windows
451,amsi
451,c#
451,powershell
451,evasion
451,red team
451,detection
451,bypass
452,puzzle
452,ctf
452,challenge
452,boot-to-root
452,willow
452,flora
452,steganography
452,rsa
452,encoding
452,crypto
452,weekly challenge
452,muirlandoracle
453,data analytics
453,jupyter notebook
453,matplotlib
453,pandas
453,python
453,tutorial
453,walkthrough
453,introduction
453,beginner
453,beginner friendly
453,web application
454,security
454,devops
454,devsecops
454,sdlc
454,secure software development
455,security
455,owasp
455,web
455,linux
455,resource
455,lab
455,exercise
455,playground
455,classrooom
455,material
456,security
456,splunk
456,siem
456,incident handling
456,backdoor
457,security
457,sdlc
457,devsecops
457,ssdlc
458,zeek
458,bro
458,traffic analysis
458,network monitoring
458,network forensics
458,pcap
458,intrusion
458,detection
458,ids
459,security
459,cyber attack
459,kibana
459,c2 server
460,security
460,bufferoverflows
460,basic
460,systems
461,security
461,sqlmap
461,real-world
461,enumeration
461,sqli
461,misconfigured permissions
461,databases
461,black hat
461,blog
462,security
462,boot2root
462,web
462,sql
462,linux
463,ad
463,active directory
463,kerberos
463,real world
463,osint
464,packet analysis
464,wireshark
464,brim
464,network miner
465,security
465,linux
465,python
465,cipher
465,binex
465,reverse engineering
465,gdb
465,radare2
465,buffer overflow
465,cookies
465,burp
466,security
466,blue team
466,cyber defense
466,incident response
467,security
467,forensics
467,re
468,security
468,android
468,apk
469,koth
469,linux
469,sudo
469,web
469,mysql
469,ninjajc01
470,pwn
470,linux
470,binary-exploitation
470,pwntools
470,binex
471,bgp
471,networking
471,challenge
472,pdf
472,markdown
472,xss
472,ssrf
472,security
473,blue team
473,apts
473,defence
473,evasion
473,sandbox
474,security
474,reversing
474,binex
474,radare
475,security
475,python
475,scripting
475,enumeration
475,username
475,password
475,rate limit
475,automation
476,windows
476,obfuscation
476,malware
476,c
476,c++
476,symbols
476,concatenation
476,control flow
476,anti-reverse engineering
477,security
477,linux
477,dfir
477,forensics
477,artifacts
477,incident response
478,security
478,inferno
478,vulnhub
478,oscp
478,mindsflee
479,security
479,https
479,ftps
479,ssh
479,ipsec
479,smtps
479,dnssec
479,pop3s
479,socks5
479,ah
479,esp
479,tls
479,ssl
479,vpn
480,sysinternals
480,mitre
480,event logs
480,sysmon
481,sysinternals
481,mitre
481,event logs
481,sysmon
482,cyberweek2021
482,sbrc
482,wordpress
482,set
482,social engineering toolkit
482,beginner
482,business resilience
483,webgoat
483,testing
483,webapp
483,owasp
484,redline
484,memory analysis
484,ransomware
485,security
485,re
485,reverse engineering
485,windows
485,reversing
485,x64
485,assembly
485,asm
486,security
486,siem
486,splunk
486,lolbin
486,c2 communication
487,gobuster
487,bruteforce
487,code analysis
487,osint
487,cracking
488,security
488,database
489,active directory
489,passive directory
489,three headed dog
489,bloodhound
490,conti
490,ransomware
490,splunk
490,mitre id s0575
491,conti
491,ransomware
491,splunk
491,mitre id s0575
492,security
492,walkthrough
492,hardening
492,linux
492,blue team
492,ubuntu
493,security
493,deserialization
493,php
493,apache
494,security
494,nfs
494,web
494,cooctus-clan
494,linux
495,security
495,dotclear
495,exploit
495,jboss
495,privesc search
496,velociraptor
496,digital forensics
496,dfir
496,endpoint monitoring
496,incident response
497,web
497,linux
497,cert-style
497,custom
497,webapp
497,sqlite
497,command injection
497,muirlandoracle
497,new year
498,security
498,red teaming
498,bypass defense
498,privilege escalation
498,enumeration
498,web application
499,security
499,kubernetes containers
499,kubectl
499,kubernetes
499,grafana
499,lfi
500,linux
500,persistence
500,forensics
500,blue team
500,guided-challenge
501,security
501,linux
501,cat
501,tac
501,grep
501,find
501,tools
501,basics
502,security
502,cve-2022-30190
502,msdt
502,follina
502,0 day
503,web
503,linux
504,security
504,linux
504,hardening
504,firewall
504,sudo
504,update
504,upgrade
505,security
505,windows
505,privesc
505,disclosure
505,security
505,winrm
505,new year
505,muirlandoracle
505,year of the owl
506,security
507,security
507,ctf
507,git
507,hardened
508,windows
508,printnightmare
508,print spooler
509,security
509,web
509,linux
509,injection
509,owasp
509,privesc
510,security
510,pcap
510,ansible
510,sudo
510,crawling
511,ctf
511,boot_to_root
511,docker
511,coding
512,security
512,red team
512,active directory
512,osint
512,phishing
512,network
513,security
513,binary
513,reversing
514,security
514,windows
514,hardening
514,defender
514,edge
514,office
514,browser
514,safe
514,exploit
514,guard
514,cybersecurity
515,security
515,script
515,enumerate
515,mysql
515,sensitive information disclosu
515,default creds
515,encryption
516,splunk
516,siem
516,powershell
516,ransomware
517,security
517,penetration testing
517,linux
517,web
517,red
517,offensive
517,privilege escalation
517,learn
517,hash cracking
517,owasp
517,mitre
517,system
517,reverse shell
518,alpine
518,real world
518,git
518,seclists
518,vhosts
519,security
519,malware
519,reversing
519,pe headers
519,capa
519,static analysis
520,security
520,rsync
520,sniff
520,sql injection
521,security
521,rce
521,bolt cms
521,linux
521,pivot
522,powershell logs
522,packet capture
522,email analysis
522,phishing
522,guided-challenge
523,security
523,blue team
523,malware analysis
523,reverse engineering
523,windows
523,pe
523,static analysis
523,hashes
523,strings
523,string search
523,yara
524,ctf
524,challenge
524,ftp
524,smb
524,0xpr0n3rd
525,security
525,cyber
525,hacking
526,security
526,pentest
526,boot2root
526,enum
526,re
527,splunk
527,challenge
527,siem
527,simulated soc
527,soc
527,analyst
528,pwn
528,reversing
528,overflow
528,asm
528,bof
529,debug
529,wordpress
529,enumeration
529,rce
530,security
530,web application
530,templating
530,pug
531,tactical detection
531,detection engineering
531,blue team
531,purple team
532,windows
532,certificates
532,powershell
532,escalation
532,privesc
532,ra
532,4ndr34z
532,theart42
533,security
533,blue team
533,maldoc
534,linux
534,web
534,python
534,privilege escalation
535,message broker
536,security
536,api security
536,owasp
536,api
537,security
537,web
537,xss
537,dns
538,phishing
538,security
539,windows server
539,enumeration
539,powershell
539,command injection
539,active directory
540,windows
540,sysinternals
540,cain and abel
540,burpsuite
540,wireshark
540,owasp zap
540,vega
540,pwdump
540,cain
541,security
541,vulnerability
541,killchain
541,exploit
542,security
542,windows registry
542,dfir
542,challenge
543,security
543,detection engineering
543,blue team
543,orchestration
543,automation
543,response
543,soar
544,iso27001
544,blueteam
544,isms
545,pivot
545,python
545,pickle
545,django
546,security
546,walkthrough
546,hardening
546,linux
546,blue team
546,ubuntu
547,enumeration
547,web
547,real
548,security
548,dast
548,web
548,application
548,zap
549,security
549,dll
549,empire
549,invoke-printdemon
549,faxhell
550,server
550,python
550,web application
550,enumeration
551,security
551,challenge
552,cve-2021-44228
552,container escape
552,log4shell
553,bases
553,cipher
553,bit shift
554,python
554,sql
554,account hijacking
554,linux
554,otp
554,ctf
555,security
555,linux
556,security
556,pcap
556,ctf
556,re
556,forensics
556,crypto
556,steganography
557,security
557,cyber
557,hacking
557,bruteforce
558,security
558,log analysis
558,sysmon
558,brim
558,wireshark
558,evtx
559,security
559,services
559,sql injection
559,steganography
560,#binary
560,#ret2libc
560,#rop
560,#aslr
560,#reverse engineering
560,#python
561,security
561,web
561,hydra
562,security
562,csp
562,web
563,security
563,windows
564,challenge
564,enumeration
564,python
564,windows privilege escalation
564,windows
564,linux
565,security
565,malware analysis
565,procdot
566,security
566,phishing
566,cyber
566,misconfiguration
567,security
567,windows
567,forensics
567,blue team
567,soc
567,guided-challenge
568,linux
568,web
568,java
568,privilege escalation
569,challenge
569,story-based
569,intel
570,reverse engineering
570,reversing
570,crypto
571,linux
571,ctf
571,reversing
571,jailbreak
571,hash-collision
571,library-load
572,security
573,security
573,networking
573,boot2root
574,security
574,nodejs
574,nosql
574,binexp
574,bof
574,buffer overflow
574,weekly challenge
575,security
575,sqli
575,injection
575,logging
576,security
576,backdoor
576,exploit
576,analysis
577,dependencies
577,ci/cd
577,devops
577,dependency confusion
577,dependency management
578,pivot
578,docker
578,ctf
578,realistic
578,web
578,network
578,privesc
578,linux
578,challenge
578,wordpress
579,security
579,brute-forcing
579,patator
579,hydra
579,burp-suite
579,owasp-zap
579,dvwa
580,security
580,web
580,linux
581,threat emulation
581,atomic red team
581,atomics
581,blue team
581,mitre
582,security
582,koth
582,http
582,hydra
582,ninjajc01
583,windows
583,enumeration
583,smb
583,responder
583,cracking
583,powerup
583,msfvenom
583,weekly challenge
584,reverse engineering
584,java
584,bytecode
584,asm
584,jvm
585,security
585,detection engineering
585,siem
585,soc
585,blue team
585,elasticsearch
585,sigma
586,security
586,hadoop
586,datalake
586,bigdata
586,hdfs
586,yarn
587,vnc
587,golang
587,webenum
588,security
588,vulnerability
588,openvas
588,nist
588,management
589,security
589,sigma
589,detection
590,windows
590,evasion
590,etw
590,reflection
590,powershell
590,event tracing
591,security
591,kubernetes
592,obfuscation
592,defender
592,anti-virus evasion
592,windows
592,behavioral signatures
592,signatures
593,steg
593,scripting
593,security
594,security
594,ruby
594,scripting
595,cherryblossom
595,ctf
595,challenge
595,boot-to-root
595,cve-2019-18634
595,sudo
595,cryptography
595,crypto
595,puzzle
595,weekly challenge
595,flora
595,muirlandoracle
596,security
596,rocket
596,penetration-test
596,pentest
596,thecybergeek
597,security
598,security
598,pentesting
598,encryption
598,wep application
599,security
600,security
600,malware analysis
600,reverse engineering
600,windows
600,pe
600,dynamic analysis
600,regshot
600,procmon
600,procexp
600,sysinternals
600,blue team
601,security
601,web
602,port knocking
602,wireshark
602,docker escape
602,reverse tunnel
603,ctf
603,encoding
603,encryption
603,eop
604,splunk
604,siem
604,bots
604,soc
605,security
605,sql
605,linux
605,web application
606,onepiece
606,ctf
606,security
607,windows
607,print spooler
607,cve-2021-36958
607,printnightmare
608,security
608,windows
608,enumeration
608,a/v evasion
608,password cracking
608,php
609,security
609,kubernetes
609,ctf
609,john
610,security
610,kubernetes
610,containers
610,challenge
611,docker
611,privesc
611,rpg
611,regex
611,java
611,serialization
612,security
612,ics
612,ot
613,priv-esc
613,multisites
613,linux
613,enumeration
614,ctf
614,custom_exploitation
614,puzzle
614,weekly challenge
615,security
615,kubernetes
616,security
616,detection engineering
616,blue team
616,edr
616,aurora
617,security
617,bufferoverflow
618,security
618,windows
618,active directory
618,kerberos
619,cryptoware
619,ransomware
619,graphql
619,btc
619,cracking
619,weekly challenge
620,reversing
620,enumeration
620,ami
620,communications
621,security
621,web
621,hacking
621,flask
621,python
621,enumeration
621,nmap
621,privilege escalation
621,injection
622,security
622,odoo
622,binex
622,obscure
623,security
623,deserialization
623,pickle
623,privesc
624,security
624,ctf
624,4ndr34z
624,tempus fugit
624,weekly challenge
625,overflow
625,ssti
625,tornado
625,pip
626,windows
626,auth bruteforcing
626,ssrf
626,token impersonation
626,command injection
627,security
627,ctf
627,boot2root
627,git
627,source code analysis
627,misconfiguration
627,password reuse
627,log poisoning
627,arbitrary file write
628,security
628,xpath injection
629,security
629,malware analysis
629,reverse engineering
629,windows
629,pe
629,dynamic analysis
629,debugging
629,breakpoint
629,blue team
630,security
630,theart42
630,4ndr34z
630,windows
630,rubberducky
631,kubernetes
631,helm
631,k8s
631,kube cluster
631,kubectl
632,jsonbrute
633,misconfiguration
633,linux
633,red teamer
633,exploit public-facing application
634,security
634,kubernetes
635,challenge
635,suitguyseries
636,envizon
636,web
636,docker
636,seclists
636,ruby on rails
636,white box
636,code audit
637,security
638,linux
638,e-learn
638,bookings
638,priv-esc
639,java
639,cve
639,log4j
640,blue team
640,digital forensics
640,investigation
640,guided-challenge
641,security
641,aws
641,ec2
641,iam
641,cloud
642,security
642,aws
642,serverless
643,security
643,aws
643,iam
643,cloud
644,aws
644,cloud
644,s3
644,cloudfront
644,acl
645,security
645,aws
645,iam
645,cloud
646,security
646,aws
646,iam
647,security
647,aws
647,sts
647,iam
647,cloud
648,security
648,aws
648,ec2
648,sts
648,exfiltration
648,ssrf
648,imds
649,security
650,security
650,cloud
650,aws
650,iam
650,cloudformation
650,imds
650,stackset
650,s3
650,ssrf
650,github
651,cloud
651,kms
651,keys
651,encryption
651,acm
651,route 53
651,dns
651,certificates
652,security
652,cloud
652,aws
652,iam
652,cloudformation
652,imds
652,stackset
652,s3
652,ssrf
652,github
653,cloud
653,scalability
653,reliability
653,aws region
653,aws availability zone
653,api
653,serverless
654,security
654,aws
654,iam
654,cloud
655,security
655,aws
655,iam
656,security
656,aws
656,networking
657,security
657,serverless
657,aws
658,aws
658,cloud
658,api
658,gateway
658,lambda
658,authorizer
659,cloud
659,iam
659,aws
659,enumeration
659,api
659,iam user
659,iam roles
659,assumerole
